{"name":null,"assets":"aoy4:pathy50:assets%2Fweek3%2Fimages%2Fphilly%2FbehindTrain.pngy4:sizei12916y4:typey5:IMAGEy2:idR1y7:preloadtgoR0y43:assets%2Fweek3%2Fimages%2Fphilly%2Fcity.pngR2i101023R3R4R5R7R6tgoR0y42:assets%2Fweek3%2Fimages%2Fphilly%2Fsky.pngR2i308971R3R4R5R8R6tgoR0y45:assets%2Fweek3%2Fimages%2Fphilly%2Fstreet.pngR2i20728R3R4R5R9R6tgoR0y48:assets%2Fweek3%2Fimages%2Fphilly%2Fstreetddd.pngR2i146849R3R4R5R10R6tgoR0y44:assets%2Fweek3%2Fimages%2Fphilly%2Ftrain.pngR2i16239R3R4R5R11R6tgoR0y43:assets%2Fweek3%2Fimages%2Fphilly%2Fwin0.pngR2i30819R3R4R5R12R6tgoR0y43:assets%2Fweek3%2Fimages%2Fphilly%2Fwin1.pngR2i30819R3R4R5R13R6tgoR0y43:assets%2Fweek3%2Fimages%2Fphilly%2Fwin2.pngR2i30819R3R4R5R14R6tgoR0y43:assets%2Fweek3%2Fimages%2Fphilly%2Fwin3.pngR2i30819R3R4R5R15R6tgoR0y43:assets%2Fweek3%2Fimages%2Fphilly%2Fwin4.pngR2i30819R3R4R5R16R6tgoR2i277982R3y5:MUSICR5y42:assets%2Fweek3%2Fsounds%2Ftrain_passes.mp3y9:pathGroupaR18hR6tgoR0y37:assets%2Fweek3%2Fweek3_stuff_here.txtR2zR3y4:TEXTR5R20R6tgh","rootPath":"../","version":2,"libraryArgs":[],"libraryType":null}