{"name":null,"assets":"aoy4:pathy42:assets%2Fweek2%2Fimages%2Fhalloween_bg.pngy4:sizei5818378y4:typey5:IMAGEy2:idR1y7:preloadtgoR0y42:assets%2Fweek2%2Fimages%2Fhalloween_bg.xmlR2i3663R3y4:TEXTR5R7R6tgoR0y46:assets%2Fweek2%2Fimages%2Fhalloween_bg_low.pngR2i266032R3R4R5R9R6tgoR2i137925R3y5:MUSICR5y39:assets%2Fweek2%2Fsounds%2Fthunder_1.mp3y9:pathGroupaR11hR6tgoR2i274807R3R10R5y39:assets%2Fweek2%2Fsounds%2Fthunder_2.mp3R12aR13hR6tgoR0y37:assets%2Fweek2%2Fweek2_stuff_here.txtR2zR3R8R5R14R6tgh","rootPath":"../","version":2,"libraryArgs":[],"libraryType":null}