{"name":null,"assets":"aoy4:pathy55:assets%2Fweek6%2Fimages%2Fweeb%2FanimatedEvilSchool.pngy4:sizei270096y4:typey5:IMAGEy2:idR1y7:preloadtgoR0y55:assets%2Fweek6%2Fimages%2Fweeb%2FanimatedEvilSchool.xmlR2i3887R3y4:TEXTR5R7R6tgoR0y59:assets%2Fweek6%2Fimages%2Fweeb%2FanimatedEvilSchool_low.pngR2i22584R3R4R5R9R6tgoR0y47:assets%2Fweek6%2Fimages%2Fweeb%2FbfPortrait.pngR2i15845R3R4R5R10R6tgoR0y47:assets%2Fweek6%2Fimages%2Fweeb%2FbfPortrait.xmlR2i1126R3R8R5R11R6tgoR0y45:assets%2Fweek6%2Fimages%2Fweeb%2FbgFreaks.pngR2i123604R3R4R5R12R6tgoR0y45:assets%2Fweek6%2Fimages%2Fweeb%2FbgFreaks.xmlR2i5211R3R8R5R13R6tgoR0y45:assets%2Fweek6%2Fimages%2Fweeb%2FbgGhouls.pngR2i67967R3R4R5R14R6tgoR0y45:assets%2Fweek6%2Fimages%2Fweeb%2FbgGhouls.xmlR2i1985R3R8R5R15R6tgoR0y49:assets%2Fweek6%2Fimages%2Fweeb%2FevilSchoolBG.pngR2i19915R3R4R5R16R6tgoR0y49:assets%2Fweek6%2Fimages%2Fweeb%2FevilSchoolFG.pngR2i11690R3R4R5R17R6tgoR0y43:assets%2Fweek6%2Fimages%2Fweeb%2Fpetals.pngR2i26150R3R4R5R18R6tgoR0y43:assets%2Fweek6%2Fimages%2Fweeb%2Fpetals.xmlR2i4557R3R8R5R19R6tgoR0y63:assets%2Fweek6%2Fimages%2Fweeb%2FpixelUI%2FdialogueBox-evil.pngR2i1425R3R4R5R20R6tgoR0y63:assets%2Fweek6%2Fimages%2Fweeb%2FpixelUI%2FdialogueBox-evil.xmlR2i1385R3R8R5R21R6tgoR0y64:assets%2Fweek6%2Fimages%2Fweeb%2FpixelUI%2FdialogueBox-pixel.pngR2i14809R3R4R5R22R6tgoR0y64:assets%2Fweek6%2Fimages%2Fweeb%2FpixelUI%2FdialogueBox-pixel.xmlR2i680R3R8R5R23R6tgoR0y68:assets%2Fweek6%2Fimages%2Fweeb%2FpixelUI%2FdialogueBox-senpaiMad.pngR2i35412R3R4R5R24R6tgoR0y68:assets%2Fweek6%2Fimages%2Fweeb%2FpixelUI%2FdialogueBox-senpaiMad.xmlR2i1050R3R8R5R25R6tgoR0y59:assets%2Fweek6%2Fimages%2Fweeb%2FpixelUI%2Fhand_textbox.pngR2i8970R3R4R5R26R6tgoR0y48:assets%2Fweek6%2Fimages%2Fweeb%2FsenpaiCrazy.pngR2i18015R3R4R5R27R6tgoR0y48:assets%2Fweek6%2Fimages%2Fweeb%2FsenpaiCrazy.xmlR2i19805R3R8R5R28R6tgoR0y51:assets%2Fweek6%2Fimages%2Fweeb%2FsenpaiPortrait.pngR2i21264R3R4R5R29R6tgoR0y51:assets%2Fweek6%2Fimages%2Fweeb%2FsenpaiPortrait.xmlR2i1103R3R8R5R30R6tgoR0y54:assets%2Fweek6%2Fimages%2Fweeb%2FspiritFaceForward.pngR2i13198R3R4R5R31R6tgoR0y50:assets%2Fweek6%2Fimages%2Fweeb%2FweebTreesBack.pngR2i8243R3R4R5R32R6tgoR2i1078066R3y5:MUSICR5y43:assets%2Fweek6%2Fmusic%2FgameOver-pixel.mp3y9:pathGroupaR34hR6tgoR2i61715R3R33R5y46:assets%2Fweek6%2Fmusic%2FgameOverEnd-pixel.mp3R35aR36hR6tgoR2i1181760R3R33R5y37:assets%2Fweek6%2Fmusic%2FLunchbox.mp3R35aR37hR6tgoR2i275451R3R33R5y42:assets%2Fweek6%2Fmusic%2FLunchboxScary.mp3R35aR38hR6tgoR2i74226R3R33R5y48:assets%2Fweek6%2Fsounds%2Ffnf_loss_sfx-pixel.mp3R35aR39hR6tgoR2i1793R3R33R5y39:assets%2Fweek6%2Fsounds%2FpixelText.mp3R35aR40hR6tgoR2i159129R3R33R5y41:assets%2Fweek6%2Fsounds%2FSenpai_Dies.mp3R35aR41hR6tgoR0y37:assets%2Fweek6%2Fweek6_stuff_here.txtR2zR3R8R5R42R6tgh","rootPath":"../","version":2,"libraryArgs":[],"libraryType":null}